id_a,id_b,distance
1,2,1.8028
1,3,1.0451
1,4,1.0022
1,5,0
1,6,1
1,7,1.5754
1,8,1.0441
1,9,0.943
1,10,1.1577
1,11,1
1,12,1.5754
1,13,1.1665
1,14,1.0799
1,15,1.1665
1,16,1.4057
1,17,1.2578
1,18,0.8475
1,19,0.3253
1,20,1.1665
1,21,1.1665
1,22,1.8368
1,23,1.4749
1,24,1.5807
1,25,0.7682
1,26,1.0441
1,27,0.6315
1,28,1.1665
1,29,0.9363
1,30,1.5009
1,31,1.1224
1,32,1
1,33,1.0441
1,34,0.7494
1,35,0.7282
1,36,1.0441
1,37,1.5754
1,38,1.5754
1,39,0.7606
1,40,2.3153
1,41,1.0441
1,42,1.1665
1,43,1.1665
1,44,1.1665
1,45,1.4273
1,46,1.3808
1,47,1
1,48,1.4685
1,49,1.0441
1,50,2.0882
1,51,1.0008
1,52,1.0441
1,53,1.5754
1,54,1.5298
1,55,1.6206
1,56,0.8407
1,57,1.0441
1,58,1.611
1,59,0.9102
1,60,1
1,61,0.3253
1,62,1.5365
1,63,1.1665
1,64,1.1665
1,65,1.8028
1,66,1.1665
1,67,2.3153
1,68,0.9278
1,69,0.6006
1,70,1.3732
1,71,1.7708
1,72,1.5365
1,73,0.9122
2,3,1.1971
2,4,1.178
2,5,1.8028
2,6,1.118
2,7,0.7837
2,8,2.518
2,9,1.1972
2,10,0.7682
2,11,1.118
2,12,0.7837
2,13,1.2691
2,14,0.7306
2,15,1.2691
2,16,0.5862
2,17,0.9458
2,18,1.0107
2,19,1.8989
2,20,1.2691
2,21,1.2691
2,22,0.3074
2,23,0.548
2,24,0.7406
2,25,1.1577
2,26,1.1577
2,27,1.4079
2,28,1.2691
2,29,0.9138
2,30,1.0445
2,31,0.8284
2,32,1.118
2,33,1.1577
2,34,1.8036
2,35,1.7195
2,36,1.1577
2,37,0.7837
2,38,0.7452
2,39,1.5584
2,40,1.2691
2,41,1.1577
2,42,1.2691
2,43,1.2691
2,44,1.2691
2,45,0.5257
2,46,1.1482
2,47,1.118
2,48,1.046
2,49,1.1577
2,50,1.2691
2,51,1.1539
2,52,1.1577
2,53,0.7452
2,54,1.0441
2,55,0.7914
2,56,1.4806
2,57,1.1577
2,58,0.7893
2,59,1.874
2,60,1.118
2,61,1.7623
2,62,0.7815
2,63,1.2691
2,64,1.2691
2,65,0
2,66,1.2691
2,67,1.2691
2,68,1.9002
2,69,1.9002
2,70,0.5034
2,71,0.0588
2,72,0.7815
2,73,1.8771
3,4,0.301
3,5,1.0451
3,6,0.3037
3,7,1.1444
3,8,1.3824
3,9,0.3063
3,10,0.5455
3,11,0.3037
3,12,1.1444
3,13,0.3037
3,14,0.6512
3,15,0.3037
3,16,0.9866
3,17,1.2851
3,18,0.8704
3,19,1.0032
3,20,0.3037
3,21,0.3037
3,22,1.2004
3,23,1.0463
3,24,1.0898
3,25,0.7399
3,26,0.0455
3,27,0.4468
3,28,0.3037
3,29,0.4993
3,30,0.4728
3,31,0.4572
3,32,0.3037
3,33,0.0455
3,34,0.6563
3,35,1.1398
3,36,0.0455
3,37,1.1444
3,38,1.0893
3,39,0.6138
3,40,2.0674
3,41,0.0455
3,42,0.3037
3,43,0.3037
3,44,0.3037
3,45,0.9246
3,46,1.2968
3,47,0.3037
3,48,0.4399
3,49,0.0455
3,50,1.0451
3,51,0.3003
3,52,0.0455
3,53,1.0893
3,54,0.5021
3,55,1.2084
3,56,0.5117
3,57,0.0455
3,58,1.1949
3,59,0.7194
3,60,0.3037
3,61,1.0144
3,62,1.0877
3,63,0.3037
3,64,0.3037
3,65,1.1971
3,66,0.3037
3,67,2.0674
3,68,0.7395
3,69,1.0451
3,70,1.0313
3,71,1.1461
3,72,1.0877
3,73,0.7217
4,5,1.0022
4,6,0.0667
4,7,1.2757
4,8,1.4005
4,9,0.0593
4,10,0.6413
4,11,0.0667
4,12,1.2757
4,13,0.6043
4,14,0.599
4,15,0.6043
4,16,1.0516
4,17,1.2694
4,18,0.8348
4,19,1.0457
4,20,0.6043
4,21,0.6043
4,22,1.2563
4,23,1.1089
4,24,1.2259
4,25,0.8132
4,26,0.3076
4,27,0.5405
4,28,0.6043
4,29,0.4191
4,30,0.5622
4,31,0.5649
4,32,0.0667
4,33,0.3076
4,34,0.7095
4,35,1.2608
4,36,0.3076
4,37,1.2757
4,38,1.2255
4,39,0.806
4,40,2.1522
4,41,0.3076
4,42,0.6043
4,43,0.6043
4,44,0.6043
4,45,0.9922
4,46,1.415
4,47,0.0667
4,48,0.5348
4,49,0.3076
4,50,1.1684
4,51,0.0267
4,52,0.3076
4,53,1.2255
4,54,0.587
4,55,1.3345
4,56,0.7312
4,57,0.3076
4,58,1.3221
4,59,0.8779
4,60,0.0667
4,61,1.0616
4,62,1.2241
4,63,0.6043
4,64,0.6043
4,65,1.178
4,66,0.6043
4,67,2.1522
4,68,0.8936
4,69,1.1684
4,70,1.0078
4,71,1.1251
4,72,1.2241
4,73,0.8797
5,6,1
5,7,1.5754
5,8,1.0441
5,9,0.943
5,10,1.1577
5,11,1
5,12,1.5754
5,13,1.1665
5,14,1.0799
5,15,1.1665
5,16,1.4057
5,17,1.2578
5,18,0.8475
5,19,0.3253
5,20,1.1665
5,21,1.1665
5,22,1.8368
5,23,1.4749
5,24,1.5807
5,25,0.7682
5,26,1.0441
5,27,0.6315
5,28,1.1665
5,29,0.9363
5,30,1.5009
5,31,1.1224
5,32,1
5,33,1.0441
5,34,0.7494
5,35,0.7282
5,36,1.0441
5,37,1.5754
5,38,1.5754
5,39,0.7606
5,40,2.3153
5,41,1.0441
5,42,1.1665
5,43,1.1665
5,44,1.1665
5,45,1.4273
5,46,1.3808
5,47,1
5,48,1.4685
5,49,1.0441
5,50,2.0882
5,51,1.0008
5,52,1.0441
5,53,1.5754
5,54,1.5298
5,55,1.6206
5,56,0.8407
5,57,1.0441
5,58,1.611
5,59,0.9102
5,60,1
5,61,0.3253
5,62,1.5365
5,63,1.1665
5,64,1.1665
5,65,1.8028
5,66,1.1665
5,67,2.3153
5,68,0.9278
5,69,0.6006
5,70,1.3732
5,71,1.7708
5,72,1.5365
5,73,0.9122
6,7,1.2173
6,8,1.4457
6,9,0.0832
6,10,0.5832
6,11,0
6,12,1.2173
6,13,0.6006
6,14,0.5327
6,15,0.6006
6,16,0.9879
6,17,1.2071
6,18,0.7792
6,19,1.0516
6,20,0.6006
6,21,0.6006
6,22,1.197
6,23,1.0449
6,24,1.1684
6,25,0.7682
6,26,0.3003
6,27,0.5364
6,28,0.6006
6,29,0.356
6,30,0.5582
6,31,0.5096
6,32,0
6,33,0.3003
6,34,0.7494
6,35,1.237
6,36,0.3003
6,37,1.2173
6,38,1.168
6,39,0.8032
6,40,2.0882
6,41,0.3003
6,42,0.6006
6,43,0.6006
6,44,0.6006
6,45,0.9292
6,46,1.3593
6,47,0
6,48,0.5306
6,49,0.3003
6,50,1.1665
6,51,0.04
6,52,0.3003
6,53,1.168
6,54,0.5832
6,55,1.2753
6,56,0.7282
6,57,0.3003
6,58,1.263
6,59,0.9102
6,60,0
6,61,1.0516
6,62,1.1665
6,63,0.6006
6,64,0.6006
6,65,1.118
6,66,0.6006
6,67,2.0882
6,68,0.9278
6,69,1.1665
6,70,0.9412
6,71,1.0657
6,72,1.1665
6,73,0.9122
7,8,2.3084
7,9,1.2702
7,10,0.6344
7,11,1.2173
7,12,0
7,13,1.0588
7,14,0.8028
7,15,1.0588
7,16,0.3225
7,17,0.746
7,18,0.8565
7,19,1.5785
7,20,1.0588
7,21,1.0588
7,22,0.5582
7,23,0.3088
7,24,0.0889
7,25,0.8078
7,26,1.1006
7,27,1.1869
7,28,1.0588
7,29,0.9501
7,30,1.197
7,31,0.7133
7,32,1.2173
7,33,1.1006
7,34,1.6369
7,35,1.1911
7,36,1.1006
7,37,0
7,38,0.0832
7,39,1.1856
7,40,0.9412
7,41,1.1006
7,42,1.0588
7,43,1.0588
7,44,1.0588
7,45,0.3627
7,46,0.4752
7,47,1.2173
7,48,1.1844
7,49,1.1006
7,50,1.4564
7,51,1.2523
7,52,1.1006
7,53,0.0832
7,54,1.2088
7,55,0.0662
7,56,1.1361
7,57,1.1006
7,58,0.0523
7,59,1.6053
7,60,1.2173
7,61,1.4008
7,62,0.0588
7,63,1.0588
7,64,1.0588
7,65,0.7837
7,66,1.0588
7,67,0.9412
7,68,1.637
7,69,1.4564
7,70,0.612
7,71,0.7903
7,72,0.0588
7,73,1.6091
8,9,1.3645
8,10,1.8028
8,11,1.4457
8,12,2.3084
8,13,1.4457
8,14,1.8207
8,15,1.4457
8,16,2.1836
8,17,2.2186
8,18,1.7574
8,19,0.875
8,20,1.4457
8,21,1.4457
8,22,2.5301
8,23,2.255
8,24,2.2865
8,25,1.5811
8,26,1.4142
8,27,1.144
8,28,1.4457
8,29,1.6228
8,30,1.7784
8,31,1.7301
8,32,1.4457
8,33,1.4142
8,34,0.7282
8,35,1.4434
8,36,1.4142
8,37,2.3084
8,38,2.2828
8,39,1.1437
8,40,3.1765
8,41,1.4142
8,42,1.4457
8,43,1.4457
8,44,1.4457
8,45,2.1673
8,46,2.2104
8,47,1.4457
8,48,1.7511
8,49,1.4142
8,50,2.2561
8,51,1.4184
8,52,1.4142
8,53,2.2828
8,54,1.8028
8,55,2.3677
8,56,1.1984
8,57,1.4142
8,58,2.3552
8,59,0.7903
8,60,1.4457
8,61,1.125
8,62,2.2561
8,63,1.4457
8,64,1.4457
8,65,2.518
8,66,1.4457
8,67,3.1765
8,68,0.7682
8,69,1.0441
8,70,2.2042
8,71,2.4715
8,72,2.2561
8,73,0.7877
9,10,0.6371
9,11,0.0832
9,12,1.2702
9,13,0.6063
9,14,0.5882
9,15,0.6063
9,16,1.0458
9,17,1.2429
9,18,0.7982
9,19,0.9901
9,20,0.6063
9,21,0.6063
9,22,1.2726
9,23,1.1052
9,24,1.2238
9,25,0.7727
9,26,0.3116
9,27,0.4923
9,28,0.6063
9,29,0.3977
9,30,0.6115
9,31,0.5613
9,32,0.0832
9,33,0.3116
9,34,0.6741
9,35,1.2116
9,36,0.3116
9,37,1.2702
9,38,1.223
9,39,0.7677
9,40,2.1454
9,41,0.3116
9,42,0.6063
9,43,0.6063
9,44,0.6063
9,45,0.9917
9,46,1.3899
9,47,0.0832
9,48,0.5831
9,49,0.3116
9,50,1.2187
9,51,0.0618
9,52,0.3116
9,53,1.223
9,54,0.6371
9,55,1.3288
9,56,0.6991
9,57,0.3116
9,58,1.3164
9,59,0.8495
9,60,0.0832
9,61,1.0049
9,62,1.2187
9,63,0.6063
9,64,0.6063
9,65,1.1972
9,66,0.6063
9,67,2.1454
9,68,0.866
9,69,1.118
9,70,1.0017
9,71,1.1455
9,72,1.2187
9,73,0.8514
10,11,0.5832
10,12,0.6344
10,13,0.5832
10,14,0.3074
10,15,0.5832
10,16,0.4412
10,17,0.8199
10,18,0.5544
10,19,1.1792
10,20,0.5832
10,21,0.5832
10,22,0.7306
10,23,0.5017
10,24,0.587
10,25,0.5
10,26,0.5
10,27,0.669
10,28,0.5832
10,29,0.3655
10,30,0.6866
10,31,0.0882
10,32,0.5832
10,33,0.5
10,34,1.0918
10,35,1.0478
10,36,0.5
10,37,0.6344
10,38,0.5862
10,39,0.7903
10,40,1.5298
10,41,0.5
10,42,0.5832
10,43,0.5832
10,44,0.5832
10,45,0.3849
10,46,0.838
10,47,0.5832
10,48,0.6644
10,49,0.5
10,50,1.1577
10,51,0.6179
10,52,0.5
10,53,0.5862
10,54,0.7071
10,55,0.6934
10,56,0.714
10,57,0.5
10,58,0.6809
10,59,1.129
10,60,0.5832
10,61,1.068
10,62,0.5832
10,63,0.5832
10,64,0.5832
10,65,0.7682
10,66,0.5832
10,67,1.5298
10,68,1.1577
10,69,1.1577
10,70,0.5337
10,71,0.7313
10,72,0.5832
10,73,1.1324
11,12,1.2173
11,13,0.6006
11,14,0.5327
11,15,0.6006
11,16,0.9879
11,17,1.2071
11,18,0.7792
11,19,1.0516
11,20,0.6006
11,21,0.6006
11,22,1.197
11,23,1.0449
11,24,1.1684
11,25,0.7682
11,26,0.3003
11,27,0.5364
11,28,0.6006
11,29,0.356
11,30,0.5582
11,31,0.5096
11,32,0
11,33,0.3003
11,34,0.7494
11,35,1.237
11,36,0.3003
11,37,1.2173
11,38,1.168
11,39,0.8032
11,40,2.0882
11,41,0.3003
11,42,0.6006
11,43,0.6006
11,44,0.6006
11,45,0.9292
11,46,1.3593
11,47,0
11,48,0.5306
11,49,0.3003
11,50,1.1665
11,51,0.04
11,52,0.3003
11,53,1.168
11,54,0.5832
11,55,1.2753
11,56,0.7282
11,57,0.3003
11,58,1.263
11,59,0.9102
11,60,0
11,61,1.0516
11,62,1.1665
11,63,0.6006
11,64,0.6006
11,65,1.118
11,66,0.6006
11,67,2.0882
11,68,0.9278
11,69,1.1665
11,70,0.9412
11,71,1.0657
11,72,1.1665
11,73,0.9122
12,13,1.0588
12,14,0.8028
12,15,1.0588
12,16,0.3225
12,17,0.746
12,18,0.8565
12,19,1.5785
12,20,1.0588
12,21,1.0588
12,22,0.5582
12,23,0.3088
12,24,0.0889
12,25,0.8078
12,26,1.1006
12,27,1.1869
12,28,1.0588
12,29,0.9501
12,30,1.197
12,31,0.7133
12,32,1.2173
12,33,1.1006
12,34,1.6369
12,35,1.1911
12,36,1.1006
12,37,0
12,38,0.0832
12,39,1.1856
12,40,0.9412
12,41,1.1006
12,42,1.0588
12,43,1.0588
12,44,1.0588
12,45,0.3627
12,46,0.4752
12,47,1.2173
12,48,1.1844
12,49,1.1006
12,50,1.4564
12,51,1.2523
12,52,1.1006
12,53,0.0832
12,54,1.2088
12,55,0.0662
12,56,1.1361
12,57,1.1006
12,58,0.0523
12,59,1.6053
12,60,1.2173
12,61,1.4008
12,62,0.0588
12,63,1.0588
12,64,1.0588
12,65,0.7837
12,66,1.0588
12,67,0.9412
12,68,1.637
12,69,1.4564
12,70,0.612
12,71,0.7903
12,72,0.0588
12,73,1.6091
13,14,0.8028
13,15,0
13,16,0.9879
13,17,1.3482
13,18,0.9838
13,19,1.0516
13,20,0
13,21,0
13,22,1.197
13,23,1.0449
13,24,1.0022
13,25,0.7682
13,26,0.3003
13,27,0.5364
13,28,0
13,29,0.6982
13,30,0.5582
13,31,0.5096
13,32,0.6006
13,33,0.3003
13,34,0.7494
13,35,1.0815
13,36,0.3003
13,37,1.0588
13,38,1.0017
13,39,0.5333
13,40,2
13,41,0.3003
13,42,0
13,43,0
13,44,0
13,45,0.9292
13,46,1.2195
13,47,0.6006
13,48,0.5306
13,49,0.3003
13,50,1
13,51,0.6019
13,52,0.3003
13,53,1.0017
13,54,0.5832
13,55,1.125
13,56,0.4118
13,57,0.3003
13,58,1.1111
13,59,0.6839
13,60,0.6006
13,61,1.0516
13,62,1
13,63,0
13,64,0
13,65,1.2691
13,66,0
13,67,2
13,68,0.7071
13,69,1
13,70,1.1165
13,71,1.2233
13,72,1
13,73,0.6866
14,15,0.8028
14,16,0.513
14,17,0.7058
14,18,0.4012
14,19,1.185
14,20,0.8028
14,21,0.8028
14,22,0.8067
14,23,0.5672
14,24,0.7733
14,25,0.5345
14,26,0.6115
14,27,0.7205
14,28,0.8028
14,29,0.2069
14,30,0.8067
14,31,0.3278
14,32,0.5327
14,33,0.6115
14,34,1.1335
14,35,1.1227
14,36,0.6115
14,37,0.8028
14,38,0.772
14,39,0.9307
14,40,1.5896
14,41,0.6115
14,42,0.8028
14,43,0.8028
14,44,0.8028
14,45,0.4805
14,46,0.9407
14,47,0.5327
14,48,0.7854
14,49,0.6115
14,50,1.3274
14,51,0.5724
14,52,0.6115
14,53,0.772
14,54,0.8263
14,55,0.8479
14,56,0.875
14,57,0.6115
14,58,0.8382
14,59,1.244
14,60,0.5327
14,61,1.0675
14,62,0.7653
14,63,0.8028
14,64,0.8028
14,65,0.7306
14,66,0.8028
14,67,1.5896
14,68,1.2708
14,69,1.2356
14,70,0.4159
14,71,0.6941
14,72,0.7653
14,73,1.2471
15,16,0.9879
15,17,1.3482
15,18,0.9838
15,19,1.0516
15,20,0
15,21,0
15,22,1.197
15,23,1.0449
15,24,1.0022
15,25,0.7682
15,26,0.3003
15,27,0.5364
15,28,0
15,29,0.6982
15,30,0.5582
15,31,0.5096
15,32,0.6006
15,33,0.3003
15,34,0.7494
15,35,1.0815
15,36,0.3003
15,37,1.0588
15,38,1.0017
15,39,0.5333
15,40,2
15,41,0.3003
15,42,0
15,43,0
15,44,0
15,45,0.9292
15,46,1.2195
15,47,0.6006
15,48,0.5306
15,49,0.3003
15,50,1
15,51,0.6019
15,52,0.3003
15,53,1.0017
15,54,0.5832
15,55,1.125
15,56,0.4118
15,57,0.3003
15,58,1.1111
15,59,0.6839
15,60,0.6006
15,61,1.0516
15,62,1
15,63,0
15,64,0
15,65,1.2691
15,66,0
15,67,2
15,68,0.7071
15,69,1
15,70,1.1165
15,71,1.2233
15,72,1
15,73,0.6866
16,17,0.5616
16,18,0.6152
16,19,1.4618
16,20,0.9879
16,21,0.9879
16,22,0.4851
16,23,0.0721
16,24,0.3132
16,25,0.6668
16,26,0.9412
16,27,1.0408
16,28,0.9879
16,29,0.6894
16,30,1.0523
16,31,0.5294
16,32,0.9879
16,33,0.9412
16,34,1.4977
16,35,1.1707
16,36,0.9412
16,37,0.3225
16,38,0.3116
16,39,1.1227
16,40,1.1006
16,41,0.9412
16,42,0.9879
16,43,0.9879
16,44,0.9879
16,45,0.1093
16,46,0.5877
16,47,0.9879
16,48,1.0379
16,49,0.9412
16,50,1.4057
16,51,1.0261
16,52,0.9412
16,53,0.3116
16,54,1.0657
16,55,0.3521
16,56,1.0703
16,57,0.9412
16,58,0.345
16,59,1.5239
16,60,0.9879
16,61,1.2908
16,62,0.306
16,63,0.9879
16,64,0.9879
16,65,0.5862
16,66,0.9879
16,67,1.1006
16,68,1.5547
16,69,1.4057
16,70,0.3003
16,71,0.5832
16,72,0.306
16,73,1.5275
17,18,0.485
17,19,1.4032
17,20,1.3482
17,21,1.3482
17,22,0.9587
17,23,0.5791
17,24,0.7941
17,25,0.6962
17,26,1.2439
17,27,1.1644
17,28,1.3482
17,29,0.8511
17,30,1.4766
17,31,0.889
17,32,1.2071
17,33,1.2439
17,34,1.6248
17,35,1.089
17,36,1.2439
17,37,0.746
17,38,0.7891
17,39,1.2789
17,40,1.1479
17,41,1.2439
17,42,1.3482
17,43,1.3482
17,44,1.3482
17,45,0.654
17,46,0.6015
17,47,1.2071
17,48,1.4565
17,49,1.2439
17,50,1.9217
17,51,1.2444
17,52,1.2439
17,53,0.7891
17,54,1.4949
17,55,0.7431
17,56,1.2755
17,57,1.2439
17,58,0.7432
17,59,1.7024
17,60,1.2071
17,61,1.186
17,62,0.7535
17,63,1.3482
17,64,1.3482
17,65,0.9458
17,66,1.3482
17,67,1.1479
17,68,1.7336
17,69,1.3938
17,70,0.4745
17,71,0.9554
17,72,0.7535
17,73,1.706
18,19,0.992
18,20,0.9838
18,21,0.9838
18,22,1.0502
18,23,0.6753
18,24,0.8669
18,25,0.336
18,26,0.8351
18,27,0.707
18,28,0.9838
18,29,0.4428
18,30,1.1563
18,31,0.5829
18,32,0.7792
18,33,0.8351
18,34,1.1518
18,35,0.8494
18,36,0.8351
18,37,0.8565
18,38,0.8623
18,39,0.8822
18,40,1.5517
18,41,0.8351
18,42,0.9838
18,43,0.9838
18,44,0.9838
18,45,0.6541
18,46,0.7724
18,47,0.7792
18,48,1.1303
18,49,0.8351
18,50,1.6902
18,51,0.8124
18,52,0.8351
18,53,0.8623
18,54,1.1797
18,55,0.8908
18,56,0.8783
18,57,0.8351
18,58,0.8833
18,59,1.2604
18,60,0.7792
18,61,0.8149
18,62,0.8294
18,63,0.9838
18,64,0.9838
18,65,1.0107
18,66,0.9838
18,67,1.5517
18,68,1.2897
18,69,1.0387
18,70,0.5369
18,71,0.9913
18,72,0.8294
18,73,1.2638
19,20,1.0516
19,21,1.0516
19,22,1.8879
19,23,1.5332
19,24,1.5791
19,25,0.8004
19,26,1.0078
19,27,0.5694
19,28,1.0516
19,29,1.0324
19,30,1.4759
19,31,1.135
19,32,1.0516
19,33,1.0078
19,34,0.6078
19,35,0.6151
19,36,1.0078
19,37,1.5785
19,38,1.5738
19,39,0.5688
19,40,2.3677
19,41,1.0078
19,42,1.0516
19,43,1.0516
19,44,1.0516
19,45,1.477
19,46,1.3903
19,47,1.0516
19,48,1.4429
19,49,1.0078
19,50,2.0263
19,51,1.0476
19,52,1.0078
19,53,1.5738
19,54,1.5052
19,55,1.6287
19,56,0.6722
19,57,1.0078
19,58,1.6181
19,59,0.676
19,60,1.0516
19,61,0.25
19,62,1.5349
19,63,1.0516
19,64,1.0516
19,65,1.8989
19,66,1.0516
19,67,2.3677
19,68,0.6934
19,69,0.3253
19,70,1.4923
19,71,1.8646
19,72,1.5349
19,73,0.6779
20,21,0
20,22,1.197
20,23,1.0449
20,24,1.0022
20,25,0.7682
20,26,0.3003
20,27,0.5364
20,28,0
20,29,0.6982
20,30,0.5582
20,31,0.5096
20,32,0.6006
20,33,0.3003
20,34,0.7494
20,35,1.0815
20,36,0.3003
20,37,1.0588
20,38,1.0017
20,39,0.5333
20,40,2
20,41,0.3003
20,42,0
20,43,0
20,44,0
20,45,0.9292
20,46,1.2195
20,47,0.6006
20,48,0.5306
20,49,0.3003
20,50,1
20,51,0.6019
20,52,0.3003
20,53,1.0017
20,54,0.5832
20,55,1.125
20,56,0.4118
20,57,0.3003
20,58,1.1111
20,59,0.6839
20,60,0.6006
20,61,1.0516
20,62,1
20,63,0
20,64,0
20,65,1.2691
20,66,0
20,67,2
20,68,0.7071
20,69,1
20,70,1.1165
20,71,1.2233
20,72,1
20,73,0.6866
21,22,1.197
21,23,1.0449
21,24,1.0022
21,25,0.7682
21,26,0.3003
21,27,0.5364
21,28,0
21,29,0.6982
21,30,0.5582
21,31,0.5096
21,32,0.6006
21,33,0.3003
21,34,0.7494
21,35,1.0815
21,36,0.3003
21,37,1.0588
21,38,1.0017
21,39,0.5333
21,40,2
21,41,0.3003
21,42,0
21,43,0
21,44,0
21,45,0.9292
21,46,1.2195
21,47,0.6006
21,48,0.5306
21,49,0.3003
21,50,1
21,51,0.6019
21,52,0.3003
21,53,1.0017
21,54,0.5832
21,55,1.125
21,56,0.4118
21,57,0.3003
21,58,1.1111
21,59,0.6839
21,60,0.6006
21,61,1.0516
21,62,1
21,63,0
21,64,0
21,65,1.2691
21,66,0
21,67,2
21,68,0.7071
21,69,1
21,70,1.1165
21,71,1.2233
21,72,1
21,73,0.6866
22,23,0.4329
22,24,0.5067
22,25,1.12
22,26,1.1587
22,27,1.3994
22,28,1.197
22,29,0.9855
22,30,1.0588
22,31,0.8001
22,32,1.197
22,33,1.1587
22,34,1.8114
22,35,1.6345
22,36,1.1587
22,37,0.5582
22,38,0.513
22,39,1.4897
22,40,1.0943
22,41,1.1587
22,42,1.197
22,43,1.197
22,44,1.197
22,45,0.4254
22,46,0.9901
22,47,1.197
22,48,1.0593
22,49,1.1587
22,50,1.2213
22,51,1.2325
22,52,1.1587
22,53,0.513
22,54,1.0592
22,55,0.5622
22,56,1.4106
22,57,1.1587
22,58,0.5607
22,59,1.8329
22,60,1.197
22,61,1.742
22,62,0.5613
22,63,1.197
22,64,1.197
22,65,0.3074
22,66,1.197
22,67,1.0943
22,68,1.8607
22,69,1.8368
22,70,0.5705
22,71,0.3239
22,72,0.5613
22,73,1.8361
23,24,0.3013
23,25,0.7372
23,26,1.0009
23,27,1.1119
23,28,1.0449
23,29,0.7499
23,30,1.0881
23,31,0.5897
23,32,1.0449
23,33,1.0009
23,34,1.5672
23,35,1.2334
23,36,1.0009
23,37,0.3088
23,38,0.3008
23,39,1.192
23,40,1.0449
23,41,1.0009
23,42,1.0449
23,43,1.0449
23,44,1.0449
23,45,0.133
23,46,0.6068
23,47,1.0449
23,48,1.0755
23,49,1.0009
23,50,1.4172
23,51,1.0833
23,52,1.0009
23,53,0.3008
23,54,1.1
23,55,0.3279
23,56,1.1383
23,57,1.0009
23,58,0.3229
23,59,1.5921
23,60,1.0449
23,61,1.3604
23,62,0.3032
23,63,1.0449
23,64,1.0449
23,65,0.548
23,66,1.0449
23,67,1.0449
23,68,1.6228
23,69,1.4749
23,70,0.3088
23,71,0.5511
23,72,0.3032
23,73,1.5957
24,25,0.8132
24,26,1.0462
24,27,1.1625
24,28,1.0022
24,29,0.9176
24,30,1.1195
24,31,0.6638
24,32,1.1684
24,33,1.0462
24,34,1.6043
24,35,1.2181
24,36,1.0462
24,37,0.0889
24,38,0.0078
24,39,1.1662
24,40,1.0022
24,41,1.0462
24,42,1.0022
24,43,1.0022
24,44,1.0022
24,45,0.3259
24,46,0.5516
24,47,1.1684
24,48,1.108
24,49,1.0462
24,50,1.3679
24,51,1.2028
24,52,1.0462
24,53,0.0078
24,54,1.1305
24,55,0.1417
24,56,1.1086
24,57,1.0462
24,58,0.1296
24,59,1.5723
24,60,1.1684
24,61,1.4119
24,62,0.0667
24,63,1.0022
24,64,1.0022
24,65,0.7406
24,66,1.0022
24,67,1.0022
24,68,1.6035
24,69,1.4621
24,70,0.6071
24,71,0.7429
24,72,0.0667
24,73,1.576
25,26,0.7071
25,27,0.5031
25,28,0.7682
25,29,0.5085
25,30,1.0918
25,31,0.5077
25,32,0.7682
25,33,0.7071
25,34,0.9706
25,35,0.5899
25,36,0.7071
25,37,0.8078
25,38,0.8078
25,39,0.5842
25,40,1.6094
25,41,0.7071
25,42,0.7682
25,43,0.7682
25,44,0.7682
25,45,0.6965
25,46,0.694
25,47,0.7682
25,48,1.0625
25,49,0.7071
25,50,1.6094
25,51,0.7948
25,52,0.7071
25,53,0.8078
25,54,1.118
25,55,0.8549
25,56,0.5899
25,57,0.7071
25,58,0.8448
25,59,1.0122
25,60,0.7682
25,61,0.625
25,62,0.7682
25,63,0.7682
25,64,0.7682
25,65,1.1577
25,66,0.7682
25,67,1.6094
25,68,1.0441
25,69,0.7682
25,70,0.7313
25,71,1.1335
25,72,0.7682
25,73,1.016
26,27,0.4444
26,28,0.3003
26,29,0.4657
26,30,0.4706
26,31,0.4118
26,32,0.3003
26,33,0
26,34,0.6866
26,35,1.1224
26,36,0
26,37,1.1006
26,38,1.0458
26,39,0.6121
26,40,2.0224
26,41,0
26,42,0.3003
26,43,0.3003
26,44,0.3003
26,45,0.8793
26,46,1.2559
26,47,0.3003
26,48,0.4375
26,49,0
26,50,1.0441
26,51,0.303
26,52,0
26,53,1.0458
26,54,0.5
26,55,1.1644
26,56,0.5096
26,57,0
26,58,1.151
26,59,0.747
26,60,0.3003
26,61,1.0078
26,62,1.0441
26,63,0.3003
26,64,0.3003
26,65,1.1577
26,66,0.3003
26,67,2.0224
26,68,0.7682
26,69,1.0441
26,70,0.9879
26,71,1.1072
26,72,1.0441
26,73,0.7494
27,28,0.5364
27,29,0.5508
27,30,0.915
27,31,0.6059
27,32,0.5364
27,33,0.4444
27,34,0.4739
27,35,0.7539
27,36,0.4444
27,37,1.1869
27,38,1.1591
27,39,0.3132
27,40,2.0707
27,41,0.4444
27,42,0.5364
27,43,0.5364
27,44,0.5364
27,45,1.0237
27,46,1.1647
27,47,0.5364
27,48,0.8819
27,49,0.4444
27,50,1.4753
27,51,0.5379
27,52,0.4444
27,53,1.1591
27,54,0.9444
27,55,1.2463
27,56,0.3021
27,57,0.4444
27,58,1.2338
27,59,0.5577
27,60,0.5364
27,61,0.5694
27,62,1.1348
27,63,0.5364
27,64,0.5364
27,65,1.4079
27,66,0.5364
27,67,2.0707
27,68,0.5859
27,69,0.6315
27,70,1.0833
27,71,1.3667
27,72,1.1348
27,73,0.561
28,29,0.6982
28,30,0.5582
28,31,0.5096
28,32,0.6006
28,33,0.3003
28,34,0.7494
28,35,1.0815
28,36,0.3003
28,37,1.0588
28,38,1.0017
28,39,0.5333
28,40,2
28,41,0.3003
28,42,0
28,43,0
28,44,0
28,45,0.9292
28,46,1.2195
28,47,0.6006
28,48,0.5306
28,49,0.3003
28,50,1
28,51,0.6019
28,52,0.3003
28,53,1.0017
28,54,0.5832
28,55,1.125
28,56,0.4118
28,57,0.3003
28,58,1.1111
28,59,0.6839
28,60,0.6006
28,61,1.0516
28,62,1
28,63,0
28,64,0
28,65,1.2691
28,66,0
28,67,2
28,68,0.7071
28,69,1
28,70,1.1165
28,71,1.2233
28,72,1
28,73,0.6866
29,30,0.7457
29,31,0.3346
29,32,0.356
29,33,0.4657
29,34,0.9365
29,35,1.0642
29,36,0.4657
29,37,0.9501
29,38,0.9159
29,39,0.7991
29,40,1.776
29,41,0.4657
29,42,0.6982
29,43,0.6982
29,44,0.6982
29,45,0.6546
29,46,1.0521
29,47,0.356
29,48,0.7195
29,49,0.4657
29,50,1.3181
29,51,0.3937
29,52,0.4657
29,53,0.9159
29,54,0.7694
29,55,1.0015
29,56,0.7444
29,57,0.4657
29,58,0.9906
29,59,1.0683
29,60,0.356
29,61,0.9483
29,62,0.906
29,63,0.6982
29,64,0.6982
29,65,0.9138
29,66,0.6982
29,67,1.776
29,68,1.0935
29,69,1.1124
29,70,0.6206
29,71,0.8718
29,72,0.906
29,73,1.0713
30,31,0.6253
30,32,0.5582
30,33,0.4706
30,34,1.0787
30,35,1.5564
30,36,0.4706
30,37,1.197
30,38,1.1224
30,39,1.0479
30,40,2.0764
30,41,0.4706
30,42,0.5582
30,43,0.5582
30,44,0.5582
30,45,0.9554
30,46,1.4972
30,47,0.5582
30,48,0.0331
30,49,0.4706
30,50,0.6087
30,51,0.5597
30,52,0.4706
30,53,1.1224
30,54,0.0294
30,55,1.2559
30,56,0.9321
30,57,0.4706
30,58,1.2435
30,59,1.118
30,60,0.5582
30,61,1.4759
30,62,1.1453
30,63,0.5582
30,64,0.5582
30,65,1.0445
30,66,0.5582
30,67,2.0764
30,68,1.1324
30,69,1.5009
30,70,1.0943
30,71,0.9884
30,72,1.1453
30,73,1.1197
31,32,0.5096
31,33,0.4118
31,34,1.0142
31,35,1.0441
31,36,0.4118
31,37,0.7133
31,38,0.6631
31,39,0.7377
31,40,1.6164
31,41,0.4118
31,42,0.5096
31,43,0.5096
31,44,0.5096
31,45,0.4713
31,46,0.9057
31,47,0.5096
31,48,0.6008
31,49,0.4118
31,50,1.1224
31,51,0.5425
31,52,0.4118
31,53,0.6631
31,54,0.6477
31,55,0.7739
31,56,0.6552
31,57,0.4118
31,58,0.7611
31,59,1.0544
31,60,0.5096
31,61,1.0403
31,62,0.6605
31,63,0.5096
31,64,0.5096
31,65,0.8284
31,66,0.5096
31,67,1.6164
31,68,1.0824
31,69,1.1224
31,70,0.6087
31,71,0.7877
31,72,0.6605
31,73,1.0577
32,33,0.3003
32,34,0.7494
32,35,1.237
32,36,0.3003
32,37,1.2173
32,38,1.168
32,39,0.8032
32,40,2.0882
32,41,0.3003
32,42,0.6006
32,43,0.6006
32,44,0.6006
32,45,0.9292
32,46,1.3593
32,47,0
32,48,0.5306
32,49,0.3003
32,50,1.1665
32,51,0.04
32,52,0.3003
32,53,1.168
32,54,0.5832
32,55,1.2753
32,56,0.7282
32,57,0.3003
32,58,1.263
32,59,0.9102
32,60,0
32,61,1.0516
32,62,1.1665
32,63,0.6006
32,64,0.6006
32,65,1.118
32,66,0.6006
32,67,2.0882
32,68,0.9278
32,69,1.1665
32,70,0.9412
32,71,1.0657
32,72,1.1665
32,73,0.9122
33,34,0.6866
33,35,1.1224
33,36,0
33,37,1.1006
33,38,1.0458
33,39,0.6121
33,40,2.0224
33,41,0
33,42,0.3003
33,43,0.3003
33,44,0.3003
33,45,0.8793
33,46,1.2559
33,47,0.3003
33,48,0.4375
33,49,0
33,50,1.0441
33,51,0.303
33,52,0
33,53,1.0458
33,54,0.5
33,55,1.1644
33,56,0.5096
33,57,0
33,58,1.151
33,59,0.747
33,60,0.3003
33,61,1.0078
33,62,1.0441
33,63,0.3003
33,64,0.3003
33,65,1.1577
33,66,0.3003
33,67,2.0224
33,68,0.7682
33,69,1.0441
33,70,0.9879
33,71,1.1072
33,72,1.0441
33,73,0.7494
34,35,1.0577
34,36,0.6866
34,37,1.6369
34,38,1.6016
34,39,0.5592
34,40,2.5385
34,41,0.6866
34,42,0.7494
34,43,0.7494
34,44,0.7494
34,45,1.468
34,46,1.6239
34,47,0.7494
34,48,1.049
34,49,0.6866
34,50,1.6005
34,51,0.725
34,52,0.6866
34,53,1.6016
34,54,1.1052
34,55,1.6988
34,56,0.5652
34,57,0.6866
34,58,1.6858
34,59,0.3003
34,60,0.7494
34,61,0.7776
34,62,1.582
34,63,0.7494
34,64,0.7494
34,65,1.8036
34,66,0.7494
34,67,2.5385
34,68,0.3017
34,69,0.7494
34,70,1.5275
34,71,1.7559
34,72,1.582
34,73,0.3003
35,36,1.1224
35,37,1.1911
35,38,1.2113
35,39,0.6224
35,40,1.8768
35,41,1.1224
35,42,1.0815
35,43,1.0815
35,44,1.0815
35,45,1.2191
35,46,0.8882
35,47,1.237
35,48,1.5252
35,49,1.1224
35,50,2.0419
35,51,1.2509
35,52,1.1224
35,53,1.2113
35,54,1.5842
35,55,1.2283
35,56,0.718
35,57,1.1224
35,58,1.2203
35,59,1.0108
35,60,1.237
35,61,0.4152
35,62,1.1602
35,63,1.0815
35,64,1.0815
35,65,1.7195
35,66,1.0815
35,67,1.8768
35,68,1.0399
35,69,0.4118
35,70,1.281
35,71,1.7003
35,72,1.1602
35,73,1.0142
36,37,1.1006
36,38,1.0458
36,39,0.6121
36,40,2.0224
36,41,0
36,42,0.3003
36,43,0.3003
36,44,0.3003
36,45,0.8793
36,46,1.2559
36,47,0.3003
36,48,0.4375
36,49,0
36,50,1.0441
36,51,0.303
36,52,0
36,53,1.0458
36,54,0.5
36,55,1.1644
36,56,0.5096
36,57,0
36,58,1.151
36,59,0.747
36,60,0.3003
36,61,1.0078
36,62,1.0441
36,63,0.3003
36,64,0.3003
36,65,1.1577
36,66,0.3003
36,67,2.0224
36,68,0.7682
36,69,1.0441
36,70,0.9879
36,71,1.1072
36,72,1.0441
36,73,0.7494
37,38,0.0832
37,39,1.1856
37,40,0.9412
37,41,1.1006
37,42,1.0588
37,43,1.0588
37,44,1.0588
37,45,0.3627
37,46,0.4752
37,47,1.2173
37,48,1.1844
37,49,1.1006
37,50,1.4564
37,51,1.2523
37,52,1.1006
37,53,0.0832
37,54,1.2088
37,55,0.0662
37,56,1.1361
37,57,1.1006
37,58,0.0523
37,59,1.6053
37,60,1.2173
37,61,1.4008
37,62,0.0588
37,63,1.0588
37,64,1.0588
37,65,0.7837
37,66,1.0588
37,67,0.9412
37,68,1.637
37,69,1.4564
37,70,0.612
37,71,0.7903
37,72,0.0588
37,73,1.6091
38,39,1.1622
38,40,1.0017
38,41,1.0458
38,42,1.0017
38,43,1.0017
38,44,1.0017
38,45,0.3265
38,46,0.544
38,47,1.168
38,48,1.1107
38,49,1.0458
38,50,1.3732
38,51,1.2024
38,52,1.0458
38,53,0
38,54,1.1335
38,55,0.1381
38,56,1.1052
38,57,1.0458
38,58,0.1257
38,59,1.5695
38,60,1.168
38,61,1.406
38,62,0.0588
38,63,1.0017
38,64,1.0017
38,65,0.7452
38,66,1.0017
38,67,1.0017
38,68,1.6007
38,69,1.4564
38,70,0.6063
38,71,0.7475
38,72,0.0588
38,73,1.5732
39,40,2.0699
39,41,0.6121
39,42,0.5333
39,43,0.5333
39,44,0.5333
39,45,1.1138
39,46,1.1267
39,47,0.8032
39,48,1.0162
39,49,0.6121
39,50,1.5333
39,51,0.8042
39,52,0.6121
39,53,1.1622
39,54,1.0761
39,55,1.245
39,56,0.1216
39,57,0.6121
39,58,1.2325
39,59,0.4679
39,60,0.8032
39,61,0.5688
39,62,1.1333
39,63,0.5333
39,64,0.5333
39,65,1.5584
39,66,0.5333
39,67,2.0699
39,68,0.5011
39,69,0.4667
39,70,1.2373
39,71,1.5213
39,72,1.1333
39,73,0.4718
40,41,2.0224
40,42,2
40,43,2
40,44,2
40,45,1.1676
40,46,0.9935
40,47,2.0882
40,48,2.0692
40,49,2.0224
40,50,2.2361
40,51,2.1266
40,52,2.0224
40,53,1.0017
40,54,2.0833
40,55,0.875
40,56,2.0419
40,57,2.0224
40,58,0.8889
40,59,2.5168
40,60,2.0882
40,61,2.1461
40,62,1
40,63,2
40,64,2
40,65,1.2691
40,66,2
40,67,0
40,68,2.5495
40,69,2.2361
40,70,1.2173
40,71,1.316
40,72,1
40,73,2.5207
41,42,0.3003
41,43,0.3003
41,44,0.3003
41,45,0.8793
41,46,1.2559
41,47,0.3003
41,48,0.4375
41,49,0
41,50,1.0441
41,51,0.303
41,52,0
41,53,1.0458
41,54,0.5
41,55,1.1644
41,56,0.5096
41,57,0
41,58,1.151
41,59,0.747
41,60,0.3003
41,61,1.0078
41,62,1.0441
41,63,0.3003
41,64,0.3003
41,65,1.1577
41,66,0.3003
41,67,2.0224
41,68,0.7682
41,69,1.0441
41,70,0.9879
41,71,1.1072
41,72,1.0441
41,73,0.7494
42,43,0
42,44,0
42,45,0.9292
42,46,1.2195
42,47,0.6006
42,48,0.5306
42,49,0.3003
42,50,1
42,51,0.6019
42,52,0.3003
42,53,1.0017
42,54,0.5832
42,55,1.125
42,56,0.4118
42,57,0.3003
42,58,1.1111
42,59,0.6839
42,60,0.6006
42,61,1.0516
42,62,1
42,63,0
42,64,0
42,65,1.2691
42,66,0
42,67,2
42,68,0.7071
42,69,1
42,70,1.1165
42,71,1.2233
42,72,1
42,73,0.6866
43,44,0
43,45,0.9292
43,46,1.2195
43,47,0.6006
43,48,0.5306
43,49,0.3003
43,50,1
43,51,0.6019
43,52,0.3003
43,53,1.0017
43,54,0.5832
43,55,1.125
43,56,0.4118
43,57,0.3003
43,58,1.1111
43,59,0.6839
43,60,0.6006
43,61,1.0516
43,62,1
43,63,0
43,64,0
43,65,1.2691
43,66,0
43,67,2
43,68,0.7071
43,69,1
43,70,1.1165
43,71,1.2233
43,72,1
43,73,0.6866
44,45,0.9292
44,46,1.2195
44,47,0.6006
44,48,0.5306
44,49,0.3003
44,50,1
44,51,0.6019
44,52,0.3003
44,53,1.0017
44,54,0.5832
44,55,1.125
44,56,0.4118
44,57,0.3003
44,58,1.1111
44,59,0.6839
44,60,0.6006
44,61,1.0516
44,62,1
44,63,0
44,64,0
44,65,1.2691
44,66,0
44,67,2
44,68,0.7071
44,69,1
44,70,1.1165
44,71,1.2233
44,72,1
44,73,0.6866
45,46,0.6808
45,47,0.9292
45,48,0.9426
45,49,0.8793
45,50,1.2998
45,51,0.9669
45,52,0.8793
45,53,0.3265
45,54,0.9676
45,55,0.4003
45,56,1.051
45,57,0.8793
45,58,0.3918
45,59,1.4949
45,60,0.9292
45,61,1.3206
45,62,0.3367
45,63,0.9292
45,64,0.9292
45,65,0.5257
45,66,0.9292
45,67,1.1676
45,68,1.5249
45,69,1.4273
45,70,0.3196
45,71,0.5149
45,72,0.3367
45,73,1.4984
46,47,1.3593
46,48,1.4766
46,49,1.2559
46,50,1.8516
46,51,1.3926
46,52,1.2559
46,53,0.544
46,54,1.5159
46,55,0.4706
46,56,1.1265
46,57,1.2559
46,58,0.4708
46,59,1.5919
46,60,1.3593
46,61,1.1707
46,62,0.4869
46,63,1.2195
46,64,1.2195
46,65,1.1482
46,66,1.2195
46,67,0.9935
46,68,1.6253
46,69,1.2433
46,70,0.7848
46,71,1.1561
46,72,0.4869
46,73,1.5959
47,48,0.5306
47,49,0.3003
47,50,1.1665
47,51,0.04
47,52,0.3003
47,53,1.168
47,54,0.5832
47,55,1.2753
47,56,0.7282
47,57,0.3003
47,58,1.263
47,59,0.9102
47,60,0
47,61,1.0516
47,62,1.1665
47,63,0.6006
47,64,0.6006
47,65,1.118
47,66,0.6006
47,67,2.0882
47,68,0.9278
47,69,1.1665
47,70,0.9412
47,71,1.0657
47,72,1.1665
47,73,0.9122
48,49,0.4375
48,50,0.6376
48,51,0.5322
48,52,0.4375
48,53,1.1107
48,54,0.0625
48,55,1.2439
48,56,0.9008
48,57,0.4375
48,58,1.2313
48,59,1.0894
48,60,0.5306
48,61,1.4429
48,62,1.1321
48,63,0.5306
48,64,0.5306
48,65,1.046
48,66,0.5306
48,67,2.0692
48,68,1.1041
48,69,1.4685
48,70,1.0805
48,71,0.9899
48,72,1.1321
48,73,1.0911
49,50,1.0441
49,51,0.303
49,52,0
49,53,1.0458
49,54,0.5
49,55,1.1644
49,56,0.5096
49,57,0
49,58,1.151
49,59,0.747
49,60,0.3003
49,61,1.0078
49,62,1.0441
49,63,0.3003
49,64,0.3003
49,65,1.1577
49,66,0.3003
49,67,2.0224
49,68,0.7682
49,69,1.0441
49,70,0.9879
49,71,1.1072
49,72,1.0441
49,73,0.7494
50,51,1.1672
50,52,1.0441
50,53,1.3732
50,54,0.5832
50,55,1.5052
50,56,1.4118
50,57,1.0441
50,58,1.4948
50,59,1.5709
50,60,1.1665
50,61,2.0263
50,62,1.4142
50,63,1
50,64,1
50,65,1.2691
50,66,1
50,67,2.2361
50,68,1.5811
50,69,2
50,70,1.4988
50,71,1.2233
50,72,1.4142
50,73,1.5721
51,52,0.303
51,53,1.2024
51,54,0.5846
51,55,1.3107
51,56,0.7293
51,57,0.303
51,58,1.2984
51,59,0.8904
51,60,0.04
51,61,1.0571
51,62,1.201
51,63,0.6019
51,64,0.6019
51,65,1.1539
51,66,0.6019
51,67,2.1266
51,68,0.9068
51,69,1.1672
51,70,0.9812
51,71,1.1012
51,72,1.201
51,73,0.8923
52,53,1.0458
52,54,0.5
52,55,1.1644
52,56,0.5096
52,57,0
52,58,1.151
52,59,0.747
52,60,0.3003
52,61,1.0078
52,62,1.0441
52,63,0.3003
52,64,0.3003
52,65,1.1577
52,66,0.3003
52,67,2.0224
52,68,0.7682
52,69,1.0441
52,70,0.9879
52,71,1.1072
52,72,1.0441
52,73,0.7494
53,54,1.1335
53,55,0.1381
53,56,1.1052
53,57,1.0458
53,58,0.1257
53,59,1.5695
53,60,1.168
53,61,1.406
53,62,0.0588
53,63,1.0017
53,64,1.0017
53,65,0.7452
53,66,1.0017
53,67,1.0017
53,68,1.6007
53,69,1.4564
53,70,0.6063
53,71,0.7475
53,72,0.0588
53,73,1.5732
54,55,1.2672
54,56,0.9599
54,57,0.5
54,58,1.2549
54,59,1.1437
54,60,0.5832
54,61,1.5052
54,62,1.1577
54,63,0.5832
54,64,0.5832
54,65,1.0441
54,66,0.5832
54,67,2.0833
54,68,1.1577
54,69,1.5298
54,70,1.1072
54,71,0.9879
54,72,1.1577
54,73,1.1453
55,56,1.198
55,57,1.1644
55,58,0.0139
55,59,1.6684
55,60,1.2753
55,61,1.4457
55,62,0.125
55,63,1.125
55,64,1.125
55,65,0.7914
55,66,1.125
55,67,0.875
55,68,1.7002
55,69,1.5052
55,70,0.6281
55,71,0.8028
55,72,0.125
55,73,1.6721
56,57,0.5096
56,58,1.185
56,59,0.4749
56,60,0.7282
56,61,0.6722
56,62,1.0815
56,63,0.4118
56,64,0.4118
56,65,1.4806
56,66,0.4118
56,67,2.0419
56,68,0.5077
56,69,0.5882
56,70,1.19
56,71,1.4415
56,72,1.0815
56,73,0.4788
57,58,1.151
57,59,0.747
57,60,0.3003
57,61,1.0078
57,62,1.0441
57,63,0.3003
57,64,0.3003
57,65,1.1577
57,66,0.3003
57,67,2.0224
57,68,0.7682
57,69,1.0441
57,70,0.9879
57,71,1.1072
57,72,1.0441
57,73,0.7494
58,59,1.6551
58,60,1.263
58,61,1.4362
58,62,0.1111
58,63,1.1111
58,64,1.1111
58,65,0.7893
58,66,1.1111
58,67,0.8889
58,68,1.6869
58,69,1.4948
58,70,0.6242
58,71,0.7997
58,72,0.1111
58,73,1.6588
59,60,0.9102
59,61,0.8308
59,62,1.5496
59,63,0.6839
59,64,0.6839
59,65,1.874
59,66,0.6839
59,67,2.5168
59,68,0.0333
59,69,0.6839
59,70,1.6102
59,71,1.8283
59,72,1.5496
59,73,0.0039
60,61,1.0516
60,62,1.1665
60,63,0.6006
60,64,0.6006
60,65,1.118
60,66,0.6006
60,67,2.0882
60,68,0.9278
60,69,1.1665
60,70,0.9412
60,71,1.0657
60,72,1.1665
60,73,0.9122
61,62,1.3623
61,63,1.0516
61,64,1.0516
61,65,1.7623
61,66,1.0516
61,67,2.1461
61,68,0.8549
61,69,0.3253
61,70,1.3253
61,71,1.7339
61,72,1.3623
61,73,0.8336
62,63,1
62,64,1
62,65,0.7815
62,66,1
62,67,1
62,68,1.5811
62,69,1.4142
62,70,0.6035
62,71,0.7837
62,72,0
62,73,1.5533
63,64,0
63,65,1.2691
63,66,0
63,67,2
63,68,0.7071
63,69,1
63,70,1.1165
63,71,1.2233
63,72,1
63,73,0.6866
64,65,1.2691
64,66,0
64,67,2
64,68,0.7071
64,69,1
64,70,1.1165
64,71,1.2233
64,72,1
64,73,0.6866
65,66,1.2691
65,67,1.2691
65,68,1.9002
65,69,1.9002
65,70,0.5034
65,71,0.0588
65,72,0.7815
65,73,1.8771
66,67,2
66,68,0.7071
66,69,1
66,70,1.1165
66,71,1.2233
66,72,1
66,73,0.6866
67,68,2.5495
67,69,2.2361
67,70,1.2173
67,71,1.316
67,72,1
67,73,2.5207
68,69,0.7071
68,70,1.6394
68,71,1.8541
68,72,1.5811
68,73,0.0294
69,70,1.4988
69,71,1.8699
69,72,1.4142
69,73,0.6866
70,71,0.5
70,72,0.6035
70,73,1.6136
71,72,0.7837
71,73,1.8313
72,73,1.5533
