id,artist,title,x_role,y_crowd,z_fit,bpm,key
1,"DJ Tennis, Joseph Ashworth, LP Giobbi",All In A Dream feat. DJ Tennis feat. Joseph Ashworth (Extended Mix),1,0,10,120.00,7A
2,Andre Nickatina,Ayo for Yayo (feat. San Quinn),2,1.5,10,128.48,10A
3,Disclosure,Boiling (feat. Sinead Harnett),0.9545,1,9,128.00,11A
4,Sucre Sale,Bye Bye Les Fraises feat. Sashe (Heinrichs & Hirtenfellner Remix),0.9333,1,10,123.00,3A
5,"Shimza, Mikhaela Faye",Calling Out Your Name (Original Mix),1,0,10,123.00,1A
6,Caribou,Can't Do Without You (Tale Of Us & Mano Le Tough Remix),1,1,10,128.00,8A
7,"Monique Bingham, Black Coffee",Deep in the Bottom (of Africa),2.0588,1,8,128.00,5A
8,"Todd Terry, A-Trak",DJs Gotta Dance More feat. Todd Terry (Extended),0,0,9,120.00,10A
9,rusowsky & Ralphie Choo,Dolores,0.9412,0.9412,10,122.00,10A
10,40 Thieves,Don’t Turn It Off feat. Qzen (Session Victim Extended Remix),1.5,1,9,124.00,8A
11,Climbers,Equal Responsibility (Betoko Remix),1,1,10,120.00,12A
12,"Kaskade, deadmau5, Kx5",Escape feat. Hayla (Extended Mix),2.0588,1,8,126.00,8A
13,"Charlotte Cardin, RUSH AVENUE",Feel Good (feat. Charlotte Cardin) [Remix] (feat. Charlotte Cardin),1,1,8,120.00,11A
14,Eli & Fur,Feel The Fire (Journeyman Remix),1.5294,0.9412,10,120.00,7A
15,Stereoclip,Feel The Game (Extended Remix),1,1,8,125.00,1A
16,"Oliver Koletzki, Jake The Rapper",Fifty Ways To Love Your Liver (Original Mix),1.9412,1,9,105.00,8A
17,Midland,Final Credits (Original Mix),2.125,0.5625,10,133.00,4A
18,Daft Punk,Give Life Back to Music (Original Mix),1.64,0.5556,10,119.05,8A
19,Glass Animals,Gooey (Original Mix),0.875,0,9,91.50,10A
20,Texture,Hit The Ground  (Extended Mix),1,1,8,122.00,6A
21,Dua Lipa,Houdini (Adam Port Mix),1,1,8,119.00,6A
22,"Kaskade, deadmau5",I Remember (Original Mix),2.0588,1.4706,9,128.00,10A
23,Quantic,I Won't Fade Away feat. Alice Russell (Original Mix),2,1.0417,9,125.00,9A
24,Hana,Illusory (Extended Mix),2,1.0667,8,132.00,1A
25,"Fred Falke, Elohim, Mansions on the Moon",It's A Memory (Amtrac Remix),1.5,0.5,9,124.00,2A
26,"Dusky, Janai",It's Not Enough feat. Janai (Original Mix),1,1,9,123.00,4A
27,"Emanuele Esposito, Gianni Romano",It's Not Right (Original Mix),1,0.5556,9,123.00,5A
28,"Bantwanas, Khonaye",Izolo feat. Khonaye (Lost Desert & Lee Burridge Remix),1,1,8,120.00,9A
29,The Dead Rose Music Company,Just a Bitter Love,1.3333,0.875,10,109.33,6A
30,"Sam Smith, Disclosure",Latch (Jamie Jones Remix),1,1.4706,9,123.00,4B
31,Frank Ocean,Lost,1.4118,1,9,123.00,6A
32,"Joi Cardwell, Jon Dasilva, Maceo Plex",Love Somebody Else Feat. Joi Cardwell (Original Mix),1,1,10,123.00,12B
33,Marcus Worgull,Love Song (Original Mix),1,1,9,124.00,8A
34,CIOZ,Lucky Shot (Original Mix),0.5294,0.5,9,122.00,7A
35,FKJ,Lying Together,1.4118,0,8,102.00,2A
36,Chrome Sparks,Marijuana (Original Mix),1,1,9,87.00,1A
37,Floyd Lavine,Masala (Pablo Fierro Remix),2.0588,1,8,125.00,7A
38,"Maribou State, Holly Walker",Midas feat. Holly Walker (Ben Pearce Re-Edit),2,1.0588,8,120.00,8A
39,Solomun,Never Sleep Again (Keinemusik Remix),1,0.4667,8,120.00,6A
40,"Justice, Tame Impala",Neverender (Extended),3,1,8,119.00,11A
41,Eli & Fur,Night Blooming Jasmine (Original Mix),1,1,9,120.00,4A
42,Eli & Fur,Night Blooming Jasmine (Rodriguez Jr. Remix),1,1,8,120.00,4A
43,Duke Dumont,Ocean Drive (Extended Mix),1,1,8,115.00,1A
44,"Justice, Tame Impala",One Night/All Night (Original Mix),1,1,8,116.13,4A
45,Bicep,Opal (Four Tet Remix),1.875,1.087,9,127.00,8A
46,"Stereoclip, DIM KELLY",Preach The World (Original Mix),2.125,0.5294,8,122.00,12A
47,Alex Virgo,Promiscuous [AV Edit],1,1,10,126.00,3A
48,Warren G,Regulate (feat. Nate Dogg),1,1.4375,9,95.41,9A
49,"Nina Carr, Effemar",Saturday Night (Extended),1,1,9,123.00,4A
50,"Bobbi Fallon, Animalic Drum",Sell My Heart (Kreative Nativez Remix),1,2,8,123.00,11A
51,Ash,Sing It Back (feat. Naila) (Original Mix),0.96,1,10,120.00,12A
52,Moloko,Sing It Back (Herbert's Tasteful Dub),1,1,9,123.42,2A
53,Kidnap,Skin (Rinzen Remix),2,1.0588,8,123.00,8A
54,"Maverick Sabre, Jorja Smith",Slow Down (James Cole Remix),1,1.5,9,126.00,9A
55,Overmono,So U Kno (Original Mix),2.125,1,8,130.00,4A
56,Royksopp,Sordid Affair (Maceo Plex Mix),1,0.5882,8,123.00,3A
57,TENSHU,Stones Throw (Original Mix),1,1,9,126.00,8A
58,Stereoclip,Sunset Drive (Extended Mix),2.1111,1,8,125.00,5A
59,Verboten Berlin,Symmetry (Rodriguez Jr. Remix),0.5333,0.5,8,120.50,11A
60,"Agoria, Rami Khalife, Noémie",Teardrops (Don't Stop The Music) (Original Mix),1,1,10,124.00,5B
61,Bob Moses,Tearing Me Up (Original Mix),1.125,0,9,115.00,7A
62,"Outkast, Sleepy Brown",The Way You Move (Original Mix),2,1,8,126.00,5A
63,Perrez,There's Never Been (No One Like You)(P's Sunrise Edit),1,1,8,117.72,10B
64,Shura,Touch (Four Tet Remix),1,1,8,122.00,8B
65,Radiohead,Videotape (Original Mix),2,1.5,10,154.77,12A
66,Eli & Fur,Walk The Line (Extended Mix),1,1,8,123.00,9A
67,Eli & Fur,Walk The Line (Themba Extended Mix),3,1,8,122.00,9A
68,Mario Basanov,We Are Child Of Love (The Mekanism Remix),0.5,0.5,8,120.00,12A
69,Portrait,What Can I Do,1,0,8,122.00,8A
70,Ben Pearce,What I Might Do,1.9412,1,10,122.00,5A
71,Shakka,When Will I See You Again (Amtrac Remix),1.9412,1.5,10,125.00,5B
72,J. Koen,Where the Subtle Meets Infinity (Original Mix),2,1,8,123.00,1A
73,Nico de Andrea,Wish We Could feat. Syon & Darla Jade (Extended Mix),0.5294,0.5,8,120.00,3A
